sim 	ve 	vg 	re 	rg 	x 	vx 	H 	b 	epts 	upts 	dpts 	ipts 	vd 	vi 	ce1 	cd1 	ce2 	cd2 	cb2 	bmvar 
1	    1	   10	 0.99	 0.25	    0	    0	  0.5	 0.99	   65	   65	   65	   40	 1.42	0.283	  -46	 46.3	-0.736	0.787	-0.00777	 28.7
2	    1	   10	 0.99	    0	    0	    0	  0.5	 0.99	   65	   65	   65	   40	 1.09	0.265	-45.4	 44.9	-0.726	0.719	-0.00847	 27.8
3	    1	   10	 0.99	 0.25	   10	    0	  0.5	 0.99	   65	   65	   65	   40	 1.42	0.283	  -46	 46.3	-0.736	0.787	-0.00777	 28.7
4	    1	   20	 0.99	 0.25	    0	    0	  0.5	 0.99	   65	   65	   65	   40	 2.38	0.303	-47.6	 47.5	-0.817	0.848	-0.00722	 29.6
5	    1	   10	 0.99	 0.25	    0	    0	  0.1	 0.99	   65	   65	   65	   40	 1.42	0.283	  -46	 46.3	-0.736	0.787	-0.00777	 28.7
6	    1	   10	 0.98	 0.25	    0	    0	  0.5	 0.99	   65	   65	   65	   40	  1.3	0.265	-30.4	 30.4	-0.728	0.771	-0.0138	   19
7	    1	   10	 0.99	 0.25	    0	5e+03	  0.5	 0.99	   65	   65	   65	   40	 1.42	0.283	  -46	 46.3	-0.736	0.787	-0.00777	 76.3
8	    1	   10	 0.99	 0.25	    0	2e+04	  0.5	 0.99	   65	   65	   65	   40	 1.42	0.283	  -46	 46.3	-0.736	0.787	-0.00777	  144
